,forecast
2010-09-11 01:00:00,0.08365271538798179
2010-09-11 02:00:00,0.07548669210799894
2010-09-11 03:00:00,0.0708510527657002
2010-09-11 04:00:00,0.06718999426947543
2010-09-11 05:00:00,0.06388553630768873
2010-09-11 06:00:00,0.06078380697760215
2010-09-11 07:00:00,0.05784230398471577
2010-09-11 08:00:00,0.05504545492240358
2010-09-11 09:00:00,0.05238439390332573
2010-09-11 10:00:00,0.04985210860709517
2010-09-11 11:00:00,0.047442266749242824
2010-09-11 12:00:00,0.045148923776717524
2010-09-11 13:00:00,0.04296644203174352
2010-09-11 14:00:00,0.040889461054973604
2010-09-11 15:00:00,0.03891288062878511
2010-09-11 16:00:00,0.03703184734594249
2010-09-11 17:00:00,0.035241742475114246
2010-09-11 18:00:00,0.03353817056796227
2010-09-11 19:00:00,0.031916948654057295
2010-09-11 20:00:00,0.030374095966986956
2010-09-11 21:00:00,0.028905824169224784
2010-09-11 22:00:00,0.027508528050033874
2010-09-11 23:00:00,0.026178776673151924
2010-09-12 00:00:00,0.024913304952422808
2010-09-12 01:00:00,0.023709005634665797
2010-09-12 02:00:00,0.022562921670091357
2010-09-12 03:00:00,0.021472238951528444
2010-09-12 04:00:00,0.020434279404634766
2010-09-12 05:00:00,0.019446494412123597
2010-09-12 06:00:00,0.018506458555860854
2010-09-12 07:00:00,0.01761186366146673
2010-09-12 08:00:00,0.016760513130798946
2010-09-12 09:00:00,0.0159503165484015
2010-09-12 10:00:00,0.015179284548675589
2010-09-12 11:00:00,0.014445523931169421
2010-09-12 12:00:00,0.013747233011993008
2010-09-12 13:00:00,0.013082697199943732
2010-09-12 14:00:00,0.012450284786480246
2010-09-12 15:00:00,0.01184844293920738
2010-09-12 16:00:00,0.011275693889034395
2010-09-12 17:00:00,0.010730631301644512
2010-09-12 18:00:00,0.010211916824366157
2010-09-12 19:00:00,0.009718276799967094
2010-09-12 20:00:00,0.009248499139302455
2010-09-12 21:00:00,0.008801430345137718
2010-09-12 22:00:00,0.008375972679838911
2010-09-12 23:00:00,0.007971081469975556
2010-09-13 00:00:00,0.007585762541218038
2010-09-14 13:00:00,0.2413891195522574
2010-09-14 14:00:00,0.22303541220665019
2010-09-14 15:00:00,0.21065394366717458
2010-09-14 16:00:00,0.2000880594952351
2010-09-14 17:00:00,0.19032422373004773
2010-09-14 18:00:00,0.18110208818927145
2010-09-14 19:00:00,0.17234243413781442
2010-09-14 20:00:00,0.16401021225363088
2010-09-14 21:00:00,0.1560817226100238
2010-09-14 22:00:00,0.14853672181813668
2010-09-14 23:00:00,0.14135649814401235
2010-09-15 00:00:00,0.13452337675188378
2010-09-15 01:00:00,0.12802056888495927
2010-09-15 02:00:00,0.12183210493177611
2010-09-15 03:00:00,0.11594278906063253
2010-09-15 04:00:00,0.11033816043474849
2010-09-15 05:00:00,0.10500445735245613
2010-09-15 06:00:00,0.09992858337219473
2010-09-15 07:00:00,0.09509807513517032
2010-09-15 08:00:00,0.09050107175785416
2010-09-15 09:00:00,0.08612628570748207
2010-09-15 10:00:00,0.08196297508624549
2010-09-15 11:00:00,0.07800091725545116
2010-09-15 12:00:00,0.07423038373472582
2010-09-15 13:00:00,0.07064211631459466
2010-09-15 14:00:00,0.06722730432377114
2010-09-15 15:00:00,0.06397756299533748
2010-09-15 16:00:00,0.06088491287869581
2010-09-15 17:00:00,0.05794176024673734
2010-09-15 18:00:00,0.05514087845012131
2010-09-15 19:00:00,0.05247539017288075
2010-09-15 20:00:00,0.04993875054578517
2010-09-15 21:00:00,0.04752473107599672
2010-09-15 22:00:00,0.04522740435356035
2010-09-15 23:00:00,0.043041129497176214
2010-09-16 00:00:00,0.040960538303517716
2010-09-16 01:00:00,0.03898052206608599
2010-09-16 02:00:00,0.03709621903123579
2010-09-16 03:00:00,0.03530300246057215
2010-09-16 04:00:00,0.03359646927040599
2010-09-16 05:00:00,0.03197242922037406
2010-09-16 06:00:00,0.03042689462467661
2010-09-16 07:00:00,0.028956070560669865
2010-09-16 08:00:00,0.02755634555077122
2010-09-16 09:00:00,0.026224282694797457
2010-09-16 10:00:00,0.02495661123096224
2010-09-16 11:00:00,0.023750218504811654
2010-09-16 12:00:00,0.02260214232637823
2010-09-18 01:00:00,0.05986301005757586
2010-09-18 02:00:00,0.05854175019969875
2010-09-18 03:00:00,0.056088231657250714
2010-09-18 04:00:00,0.05346702963564326
2010-09-18 05:00:00,0.05090401484763088
2010-09-18 06:00:00,0.04844849520328626
2010-09-18 07:00:00,0.04610774917779612
2010-09-18 08:00:00,0.04387921441134998
2010-09-18 09:00:00,0.04175818127667043
2010-09-18 10:00:00,0.03973962422726017
2010-09-18 11:00:00,0.03781863054696097
2010-09-18 12:00:00,0.03599049385914448
2010-09-18 13:00:00,0.03425072783859285
2010-09-18 14:00:00,0.03259506124345418
2010-09-18 15:00:00,0.03101942887507353
2010-09-18 16:00:00,0.02951996194270574
2010-09-18 17:00:00,0.028092978646963872
2010-09-18 18:00:00,0.02673497515933479
2010-09-18 19:00:00,0.0254426170235902
2010-09-18 20:00:00,0.024212730969463043
2010-09-18 21:00:00,0.023042297121236902
2010-09-18 22:00:00,0.021928441582775078
2010-09-18 23:00:00,0.02086842938094
2010-09-19 00:00:00,0.019859657750113835
2010-09-19 01:00:00,0.018899649741340063
2010-09-19 02:00:00,0.01798604814039597
2010-09-19 03:00:00,0.017116609679862987
2010-09-19 04:00:00,0.0162891995309832
2010-09-19 05:00:00,0.015501786061777349
2010-09-19 06:00:00,0.014752435848553319
2010-09-19 07:00:00,0.01403930892855635
2010-09-19 08:00:00,0.013360654282104246
2010-09-19 09:00:00,0.012714805533114385
2010-09-19 10:00:00,0.012100176857465578
2010-09-19 11:00:00,0.011515259089148069
2010-09-19 12:00:00,0.010958616014640713
2010-09-19 13:00:00,0.010428880846416508
2010-09-19 14:00:00,0.009924752866917469
2010-09-19 15:00:00,0.009444994234758428
2010-09-19 16:00:00,0.008988426945317686
2010-09-19 17:00:00,0.00855392993825151
2010-09-19 18:00:00,0.008140436344830235
2010-09-19 19:00:00,0.007746930868337046
2010-09-19 20:00:00,0.007372447291097263
2010-09-19 21:00:00,0.007016066102016833
2010-09-19 22:00:00,0.006676912238804673
2010-09-19 23:00:00,0.006354152939335104
2010-09-20 00:00:00,0.006046995696874559
2010-09-21 13:00:00,0.3233573346458062
2010-09-21 14:00:00,0.3138266712078154
2010-09-21 15:00:00,0.30011648248619366
2010-09-21 16:00:00,0.28595842842801156
2010-09-21 17:00:00,0.27221895156381154
2010-09-21 18:00:00,0.2590800138438967
2010-09-21 19:00:00,0.24656097972349195
2010-09-21 20:00:00,0.2346434661706709
2010-09-21 21:00:00,0.2233011682034845
2010-09-21 22:00:00,0.2125069436564897
2010-09-21 23:00:00,0.20223445768847834
2010-09-22 00:00:00,0.19245852767318117
2010-09-22 01:00:00,0.18315515938961055
2010-09-22 02:00:00,0.1743015115678168
2010-09-22 03:00:00,0.16587584541952707
2010-09-22 04:00:00,0.1578574726044823
2010-09-22 05:00:00,0.15022670475373623
2010-09-22 06:00:00,0.14296480520360905
2010-09-22 07:00:00,0.13605394300790485
2010-09-22 08:00:00,0.1294771491600206
2010-09-22 09:00:00,0.12321827492811636
2010-09-22 10:00:00,0.11726195220359424
2010-09-22 11:00:00,0.11159355576613587
2010-09-22 12:00:00,0.1061991673727902
2010-09-22 13:00:00,0.10106554158297007
2010-09-22 14:00:00,0.09618007323545262
2010-09-22 15:00:00,0.0915307664975279
2010-09-22 16:00:00,0.08710620541029938
2010-09-22 17:00:00,0.08289552585781303
2010-09-22 18:00:00,0.07888838889118738
2010-09-22 19:00:00,0.07507495534224486
2010-09-22 20:00:00,0.07144586166430995
2010-09-22 21:00:00,0.06799219694085377
2010-09-22 22:00:00,0.0647054810055316
2010-09-22 23:00:00,0.06157764361988914
2010-09-23 00:00:00,0.05860100465761032
2010-09-23 01:00:00,0.055768255246650654
2010-09-23 02:00:00,0.053072439822952414
2010-09-23 03:00:00,0.05050693905167618
2010-09-23 04:00:00,0.048065453574013275
2010-09-23 05:00:00,0.04574198853967085
2010-09-23 06:00:00,0.04353083888705053
2010-09-23 07:00:00,0.04142657533497748
2010-09-23 08:00:00,0.03942403105158364
2010-09-23 09:00:00,0.037518288967611946
2010-09-23 10:00:00,0.035704669702990424
2010-09-23 11:00:00,0.033978720077030886
2010-09-23 12:00:00,0.032336202174040075
2010-09-25 01:00:00,0.8813859828045183
2010-09-25 02:00:00,0.848154393223631
2010-09-25 03:00:00,0.8093986146172556
2010-09-25 04:00:00,0.7708096134506632
2010-09-25 05:00:00,0.7336775107584835
2010-09-25 06:00:00,0.6982425924854818
2010-09-25 07:00:00,0.664497184310315
2010-09-25 08:00:00,0.6323774152275903
2010-09-25 09:00:00,0.6018089626220143
2010-09-25 10:00:00,0.5727178561045145
2010-09-25 11:00:00,0.5450329253924229
2010-09-25 12:00:00,0.5186862549131692
2010-09-25 13:00:00,0.4936131676759906
2010-09-25 14:00:00,0.46975210251623206
2010-09-25 15:00:00,0.44704447156641686
2010-09-25 16:00:00,0.4254345184642566
2010-09-25 17:00:00,0.404869181942183
2010-09-25 18:00:00,0.38529796565843977
2010-09-25 19:00:00,0.36667281423612685
2010-09-25 20:00:00,0.348947995274277
2010-09-25 21:00:00,0.33207998705763764
2010-09-25 22:00:00,0.3160273716933609
2010-09-25 23:00:00,0.3007507334131469
2010-09-26 00:00:00,0.28621256179135496
2010-09-26 01:00:00,0.27237715964149734
2010-09-26 02:00:00,0.25921055536497634
2010-09-26 03:00:00,0.24668041953684755
2010-09-26 04:00:00,0.2347559855237945
2010-09-26 05:00:00,0.22340797393939885
2010-09-26 06:00:00,0.21260852075121298
2010-09-26 07:00:00,0.20233110886310826
2010-09-26 08:00:00,0.1925505030049056
2010-09-26 09:00:00,0.18324268776941546
2010-09-26 10:00:00,0.17438480864474304
2010-09-26 11:00:00,0.1659551158970683
2010-09-26 12:00:00,0.15793291116611047
2010-09-26 13:00:00,0.15029849664214642
2010-09-26 14:00:00,0.14303312669979218
2010-09-26 15:00:00,0.13611896186978806
2010-09-26 16:00:00,0.1295390250357698
2010-09-26 17:00:00,0.12327715974847028
2010-09-26 18:00:00,0.11731799055499624
2010-09-26 19:00:00,0.1116468852457722
2010-09-26 20:00:00,0.1062499189264521
2010-09-26 21:00:00,0.10111383982658068
2010-09-26 22:00:00,0.09622603676105049
2010-09-26 23:00:00,0.09157450816445928
2010-09-27 00:00:00,0.08714783262233433
2010-09-28 13:00:00,0.5412806975897254
2010-09-28 14:00:00,0.5248584429884281
2010-09-28 15:00:00,0.5018189279940377
2010-09-28 16:00:00,0.4781193330435096
2010-09-28 17:00:00,0.45514081916018856
2010-09-28 18:00:00,0.4331714646981487
2010-09-28 19:00:00,0.41223977975848947
2010-09-28 20:00:00,0.392314103267271
2010-09-28 21:00:00,0.37335023290185243
2010-09-28 22:00:00,0.3553027350827348
2010-09-28 23:00:00,0.3381275663671892
2010-09-29 00:00:00,0.32178261941911884
2010-09-29 01:00:00,0.30622777617641506
2010-09-29 02:00:00,0.29142484681582925
2010-09-29 03:00:00,0.27733748494975513
2010-09-29 04:00:00,0.26393110052746066
2010-09-29 05:00:00,0.25117277541606076
2010-09-29 06:00:00,0.23903118269593776
2010-09-29 07:00:00,0.2274765097697096
2010-09-29 08:00:00,0.21648038516709445
2010-09-29 09:00:00,0.20601580888297671
2010-09-29 10:00:00,0.1960570860817009
2010-09-29 11:00:00,0.1865797640057861
2010-09-29 12:00:00,0.17756057193437963
2010-09-29 13:00:00,0.1689773640440785
2010-09-29 14:00:00,0.1608090650318325
2010-09-29 15:00:00,0.1530356183664136
2010-09-29 16:00:00,0.1456379370413886
2010-09-29 17:00:00,0.13859785670867375
2010-09-29 18:00:00,0.13189809107759456
2010-09-29 19:00:00,0.12552218946993776
2010-09-29 20:00:00,0.11945449642677493
2010-09-29 21:00:00,0.11368011326787654
2010-09-29 22:00:00,0.10818486150932864
2010-09-29 23:00:00,0.10295524804952758
2010-09-30 00:00:00,0.09797843203806982
2010-09-30 01:00:00,0.09324219334618675
2010-09-30 02:00:00,0.08873490256130605
2010-09-30 03:00:00,0.08444549243206419
2010-09-30 04:00:00,0.0803634306936557
2010-09-30 05:00:00,0.07647869420679435
2010-09-30 06:00:00,0.07278174434678666
2010-09-30 07:00:00,0.06926350358228806
2010-09-30 08:00:00,0.06591533318623241
2010-09-30 09:00:00,0.0627290120242067
2010-09-30 10:00:00,0.059696716368187144
2010-09-30 11:00:00,0.05681100068607132
2010-09-30 12:00:00,0.05406477935983679
2010-10-02 01:00:00,0.3271196506676083
2010-10-02 02:00:00,0.3158020922825844
2010-10-02 03:00:00,0.30161225970422983
2010-10-02 04:00:00,0.287289955841314
2010-10-02 05:00:00,0.2734641071308287
2010-10-02 06:00:00,0.2602597120059433
2010-10-02 07:00:00,0.24768239110116286
2010-10-02 08:00:00,0.2357103672389465
2010-10-02 09:00:00,0.224316423479354
2010-10-02 10:00:00,0.21347310460895147
2010-10-02 11:00:00,0.2031539106653048
2010-10-02 12:00:00,0.19333353366624834
2010-10-02 13:00:00,0.18398786770171552
2010-10-02 14:00:00,0.1750939670324098
2010-10-02 15:00:00,0.16662999388649755
2010-10-02 16:00:00,0.15857516582928619
2010-10-02 17:00:00,0.15090970497084738
2010-10-02 18:00:00,0.14361478945990316
2010-10-02 19:00:00,0.13667250728202426
2010-10-02 20:00:00,0.130065812281523
2010-10-02 21:00:00,0.12377848230691296
2010-10-02 22:00:00,0.11779507937904603
2010-10-02 23:00:00,0.1121009117845732
2010-10-03 00:00:00,0.10668199800176068
2010-10-03 01:00:00,0.1015250323701102
2010-10-03 02:00:00,0.09661735241949451
2010-10-03 03:00:00,0.09194690777858916
2010-10-03 04:00:00,0.0875022305862582
2010-10-03 05:00:00,0.08327240733324184
2010-10-03 06:00:00,0.07924705206500585
2010-10-03 07:00:00,0.07541628087995447
2010-10-03 08:00:00,0.07177068766038984
2010-10-03 09:00:00,0.06830132097662708
2010-10-03 10:00:00,0.06499966210755544
2010-10-03 11:00:00,0.06185760412367678
2010-10-03 12:00:00,0.05886743198126172
2010-10-03 13:00:00,0.05602180357874642
2010-10-03 14:00:00,0.05331373172885565
2010-10-03 15:00:00,0.05073656700218634
2010-10-03 16:00:00,0.048283981400125436
2010-10-03 17:00:00,0.04594995281701257
2010-10-03 18:00:00,0.04372875025339555
2010-10-03 19:00:00,0.041614919744071305
2010-10-03 20:00:00,0.03960327096635973
2010-10-03 21:00:00,0.0376888644957283
2010-10-03 22:00:00,0.03586699967747474
2010-10-03 23:00:00,0.034133203084687785
2010-10-04 00:00:00,0.032483217534145535
2010-10-05 13:00:00,0.19942154536963122
2010-10-05 14:00:00,0.1892238062675527
2010-10-05 15:00:00,0.17994330104858364
2010-10-05 16:00:00,0.17121296031384745
2010-10-05 17:00:00,0.1629289457951883
2010-10-05 18:00:00,0.15505119451104216
2010-10-05 19:00:00,0.1475556429321338
2010-10-05 20:00:00,0.1404227565980625
2010-10-05 21:00:00,0.13363475093068547
2010-10-05 22:00:00,0.12717489386517866
2010-10-05 23:00:00,0.12102730830688622
2010-10-06 00:00:00,0.11517689569904825
2010-10-06 01:00:00,0.10960928998682241
2010-10-06 02:00:00,0.10431082019752187
2010-10-06 03:00:00,0.09926847635932029
2010-10-06 04:00:00,0.09446987743353581
2010-10-06 05:00:00,0.08990324088467991
2010-10-06 06:00:00,0.08555735374245052
2010-10-06 07:00:00,0.08142154506759655
2010-10-06 08:00:00,0.07748565974997301
2010-10-06 09:00:00,0.0737400335734753
2010-10-06 10:00:00,0.0701754694863937
2010-10-06 11:00:00,0.06678321501886578
2010-10-06 12:00:00,0.0635549407919645
2010-10-06 13:00:00,0.06048272006564913
2010-10-06 14:00:00,0.057559009275360555
2010-10-06 15:00:00,0.05477662950946988
2010-10-06 16:00:00,0.05212874888209987
2010-10-06 17:00:00,0.049608865758037156
2010-10-06 18:00:00,0.047210792788545716
2010-10-06 19:00:00,0.044928641718882716
2010-10-06 20:00:00,0.04275680893021303
2010-10-06 21:00:00,0.04068996168042195
2010-10-06 22:00:00,0.038723025010041545
2010-10-06 23:00:00,0.03685116928113936
2010-10-07 00:00:00,0.03506979831857232
2010-10-07 01:00:00,0.03337453812448777
2010-10-07 02:00:00,0.03176122613836099
2010-10-07 03:00:00,0.03022590101619835
2010-10-07 04:00:00,0.02876479290380967
2010-10-07 05:00:00,0.0273743141802668
2010-10-07 06:00:00,0.026051050648819726
2010-10-07 07:00:00,0.024791753153640336
2010-10-07 08:00:00,0.023593329601809442
2010-10-07 09:00:00,0.022452837370957844
2010-10-07 10:00:00,0.021367476083918986
2010-10-07 11:00:00,0.020334580732652076
2010-10-07 12:00:00,0.01935161513455202
2010-10-09 01:00:00,0.9182245977911435
2010-10-09 02:00:00,0.8783629005538505
2010-10-09 03:00:00,0.8369861951021853
2010-10-09 04:00:00,0.7967858247176889
2010-10-09 05:00:00,0.7583315534165465
2010-10-09 06:00:00,0.7216889547865224
2010-10-09 07:00:00,0.6868063498845927
2010-10-09 08:00:00,0.6536072529317658
2010-10-09 09:00:00,0.6220123401691413
2010-10-09 10:00:00,0.591944558141139
2010-10-09 11:00:00,0.5633302037502375
2010-10-09 12:00:00,0.5360990470731243
2010-10-09 13:00:00,0.5101842316269869
2010-10-09 14:00:00,0.4855221276119538
2010-10-09 15:00:00,0.46205217983898184
2010-10-09 16:00:00,0.4397167600388929
2010-10-09 17:00:00,0.4184610255998925
2010-10-09 18:00:00,0.3982327849635269
2010-10-09 19:00:00,0.37898236948662434
2010-10-09 20:00:00,0.36066251148763434
2010-10-09 21:00:00,0.3432282281858253
2010-10-09 22:00:00,0.3266367112502576
2010-10-09 23:00:00,0.3108472216877816
2010-10-10 00:00:00,0.2958209898120769
2010-10-10 01:00:00,0.28152112004814034
2010-10-10 02:00:00,0.26791250033848646
2010-10-10 03:00:00,0.2549617159286151
2010-10-10 04:00:00,0.24263696732005596
2010-10-10 05:00:00,0.2309079921895303
2010-10-10 06:00:00,0.21974599108250958
2010-10-10 07:00:00,0.20912355669871807
2010-10-10 08:00:00,0.1990146065959462
2010-10-10 09:00:00,0.1893943191469353
2010-10-10 10:00:00,0.180239072592081
2010-10-10 11:00:00,0.17152638703830478
2010-10-10 12:00:00,0.16323486926167743
2010-10-10 13:00:00,0.15534416017826166
2010-10-10 14:00:00,0.14783488485419355
2010-10-10 15:00:00,0.1406886049322567
2010-10-10 16:00:00,0.13388777335813742
2010-10-10 17:00:00,0.1274156912951943
2010-10-10 18:00:00,0.12125646712195129
2010-10-10 19:00:00,0.11539497741163537
2010-10-10 20:00:00,0.1098168297979483
2010-10-10 21:00:00,0.10450832763589199
2010-10-10 22:00:00,0.09945643637087584
2010-10-10 23:00:00,0.09464875153352795
2010-10-11 00:00:00,0.09007346828162469
2010-10-12 13:00:00,0.1585817001124088
2010-10-12 14:00:00,0.15083320960683694
2010-10-12 15:00:00,0.14352219483384626
2010-10-12 16:00:00,0.13657965035333694
2010-10-12 17:00:00,0.12997630994044215
2010-10-12 18:00:00,0.12369303503888855
2010-10-12 19:00:00,0.11771369763201601
2010-10-12 20:00:00,0.11202344844979736
2010-10-12 21:00:00,0.10660827549236873
2010-10-12 22:00:00,0.10145487268694911
2010-10-12 23:00:00,0.09655058401450227
2010-10-13 00:00:00,0.09188336688088636
2010-10-13 01:00:00,0.08744176121823143
2010-10-13 02:00:00,0.08321486102765
2010-10-13 03:00:00,0.07919228752438921
2010-10-13 04:00:00,0.07536416363542545
2010-10-13 05:00:00,0.07172108974282893
2010-10-13 06:00:00,0.06825412060279455
2010-10-13 07:00:00,0.06495474338114207
2010-10-13 08:00:00,0.061814856750749575
2010-10-13 09:00:00,0.05882675099945151
2010-10-13 10:00:00,0.055983089099523174
2010-10-13 11:00:00,0.053276888692261354
2010-10-13 12:00:00,0.05070150494342373
2010-10-13 13:00:00,0.04825061422742983
2010-10-13 14:00:00,0.04591819860026116
2010-10-13 15:00:00,0.043698531022935305
2010-10-13 16:00:00,0.04158616129927141
2010-10-13 17:00:00,0.03957590269341854
2010-10-13 18:00:00,0.03766281919428745
2010-10-13 19:00:00,0.03584221339561462
2010-10-13 20:00:00,0.034109614961899334
2010-10-13 21:00:00,0.03246076965189264
2010-10-13 22:00:00,0.030891628872686653
2010-10-13 23:00:00,0.029398339738755
2010-10-14 00:00:00,0.027977235611535308
2010-10-14 01:00:00,0.02662482709632457
2010-10-14 02:00:00,0.025337793474380997
2010-10-14 03:00:00,0.024112974549194713
2010-10-14 04:00:00,0.02294736288690649
2010-10-14 05:00:00,0.021838096431821573
2010-10-14 06:00:00,0.02078245147888664
2010-10-14 07:00:00,0.019777835985874462
2010-10-14 08:00:00,0.018821783208854928
2010-10-14 09:00:00,0.01791194564532486
2010-10-14 10:00:00,0.01704608927012454
2010-10-14 11:00:00,0.016222088049987773
2010-10-14 12:00:00,0.015437918723256427
2010-10-16 01:00:00,0.9125302512319826
2010-10-16 02:00:00,0.8715809108283976
2010-10-16 03:00:00,0.8302058412870821
2010-10-16 04:00:00,0.7902551559632747
2010-10-16 05:00:00,0.7520978879591332
2010-10-16 06:00:00,0.7157521497234307
2010-10-16 07:00:00,0.6811554571607094
2010-10-16 08:00:00,0.6482292659187772
2010-10-16 09:00:00,0.6168942616010501
2010-10-16 10:00:00,0.5870738707916728
2010-10-16 11:00:00,0.5586949599898825
2010-10-16 12:00:00,0.5316878683239018
2010-10-16 13:00:00,0.5059862873143386
2010-10-16 14:00:00,0.48152711022053973
2010-10-16 15:00:00,0.4582502799982459
2010-10-16 16:00:00,0.4360986425315079
2010-10-16 17:00:00,0.41501780646257835
2010-10-16 18:00:00,0.3949560096786818
2010-10-16 19:00:00,0.3758639922243048
2010-10-16 20:00:00,0.35769487535004574
2010-10-16 21:00:00,0.3404040464065653
2010-10-16 22:00:00,0.32394904930232726
2010-10-16 23:00:00,0.30828948025647607
2010-10-17 00:00:00,0.2933868885909563
2010-10-17 01:00:00,0.2792046823182966
2010-10-17 02:00:00,0.26570803829324197
2010-10-17 03:00:00,0.2528638167076197
2010-10-17 04:00:00,0.24064047971849012
2010-10-17 05:00:00,0.22900801400978016
2010-10-17 06:00:00,0.21793785709725694
2010-10-17 07:00:00,0.20740282719589004
2010-10-17 08:00:00,0.19737705647739728
2010-10-17 09:00:00,0.18783592755409495
2010-10-17 10:00:00,0.17875601303309324
2010-10-17 11:00:00,0.17011501799241807
2010-10-17 12:00:00,0.16189172523781453
2010-10-17 13:00:00,0.15406594320581474
2010-10-17 14:00:00,0.14661845638515084
2010-10-17 15:00:00,0.13953097813477727
2010-10-17 16:00:00,0.13278610578265138
2010-10-17 17:00:00,0.1263672778950209
2010-10-17 18:00:00,0.12025873361129744
2010-10-17 19:00:00,0.11444547394466616
2010-10-17 20:00:00,0.10891322495340845
2010-10-17 21:00:00,0.10364840269250855
2010-10-17 22:00:00,0.09863807985948551
2010-10-17 23:00:00,0.09386995405255255
2010-10-18 00:00:00,0.08933231756316437
2010-10-19 13:00:00,0.00595502017219366
2010-10-19 14:00:00,0.005953583738414494
2010-10-19 15:00:00,0.005734344306729893
2010-10-19 16:00:00,0.005473556441155393
2010-10-19 17:00:00,0.005212894053261322
2010-10-19 18:00:00,0.0049618447570532525
2010-10-19 19:00:00,0.00472221611129073
2010-10-19 20:00:00,0.004493999895262162
2010-10-19 21:00:00,0.004276774603426767
2010-10-19 22:00:00,0.004070040093448159
2010-10-19 23:00:00,0.003873296701730948
2010-10-20 00:00:00,0.0036860632462688498
2010-10-20 01:00:00,0.0035078804476580882
2010-10-20 02:00:00,0.003338310902959903
2010-10-20 03:00:00,0.003176938275353261
2010-10-20 04:00:00,0.0030233663349613945
2010-10-20 05:00:00,0.002877218001048283
2010-10-20 06:00:00,0.0027381344197454317
2010-10-20 07:00:00,0.002605774083783358
2010-10-20 08:00:00,0.0024798119941579684
2010-10-20 09:00:00,0.002359938862173998
2010-10-20 10:00:00,0.0022458603500260044
2010-10-20 11:00:00,0.002137296348080927
2010-10-20 12:00:00,0.00203398028709449
2010-10-20 13:00:00,0.0019356584836743133
2010-10-20 14:00:00,0.0018420895173829584
2010-10-20 15:00:00,0.00175304363795154
2010-10-20 16:00:00,0.0016683022011483926
2010-10-20 17:00:00,0.0015876571319176198
2010-10-20 18:00:00,0.0015109104134693127
2010-10-20 19:00:00,0.0014378736010669474
2010-10-20 20:00:00,0.001368367359318106
2010-10-20 21:00:00,0.0013022210218323815
2010-10-20 22:00:00,0.0012392721721652467
2010-10-20 23:00:00,0.0011793662450189295
2010-10-21 00:00:00,0.0011223561467210803
2010-10-21 01:00:00,0.0010681018940493522
2010-10-21 02:00:00,0.0010164702705150572
2010-10-21 03:00:00,0.0009673344992619341
2010-10-21 04:00:00,0.0009205739317768621
2010-10-21 05:00:00,0.0008760737516481743
2010-10-21 06:00:00,0.0008337246926441782
2010-10-21 07:00:00,0.0007934227704196482
2010-10-21 08:00:00,0.0007550690271915214
2010-10-21 09:00:00,0.0007185692887568682
2010-10-21 10:00:00,0.0006838339332565187
2010-10-21 11:00:00,0.0006507776711165646
2010-10-21 12:00:00,0.0006193193356274009
2010-10-23 01:00:00,0.2618862427729392
2010-10-23 02:00:00,0.2554196538396953
2010-10-23 03:00:00,0.24455499718099455
2010-10-23 04:00:00,0.23308806720535136
2010-10-23 05:00:00,0.22190559215217143
2010-10-23 06:00:00,0.21119908617886135
2010-10-23 07:00:00,0.20099466990358578
2010-10-23 08:00:00,0.1912798311686305
2010-10-23 09:00:00,0.1820337183495916
2010-10-23 10:00:00,0.17323434702016838
2010-10-23 11:00:00,0.16486028309496917
2010-10-23 12:00:00,0.15689100596950828
2010-10-23 13:00:00,0.1493069576454701
2010-10-23 14:00:00,0.14208951852529708
2010-10-23 15:00:00,0.13522096739399497
2010-10-23 16:00:00,0.12868443927066187
2010-10-23 17:00:00,0.12246388432458793
2010-10-23 18:00:00,0.11654402854448451
2010-10-23 19:00:00,0.11091033625321578
2010-10-23 20:00:00,0.10554897442121478
2010-10-23 21:00:00,0.10044677870178204
2010-10-23 22:00:00,0.0955912211074605
2010-10-23 23:00:00,0.09097037924873863
2010-10-24 00:00:00,0.08657290705969882
2010-10-24 01:00:00,0.08238800693876586
2010-10-24 02:00:00,0.07840540323615816
2010-10-24 03:00:00,0.07461531702294444
2010-10-24 04:00:00,0.07100844207975411
2010-10-24 05:00:00,0.06757592204618393
2010-10-24 06:00:00,0.06430932867479326
2010-10-24 07:00:00,0.0612006411362926
2010-10-24 08:00:00,0.058242226325111154
2010-10-24 09:00:00,0.05542682011698547
2010-10-24 10:00:00,0.05274750953254881
2010-10-24 11:00:00,0.050197715763125574
2010-10-24 12:00:00,0.04777117801705217
2010-10-24 13:00:00,0.04546193814686029
2010-10-24 14:00:00,0.04326432601957607
2010-10-24 15:00:00,0.04117294559421326
2010-10-24 16:00:00,0.039182661672274806
2010-10-24 17:00:00,0.03728858728873002
2010-10-24 18:00:00,0.03548607171250687
2010-10-24 19:00:00,0.03377068902703576
2010-10-24 20:00:00,0.03213822726280534
2010-10-24 21:00:00,0.0305846780552462
2010-10-24 22:00:00,0.029106226802548464
2010-10-24 23:00:00,0.02769924329924653
2010-10-25 00:00:00,0.026360272822572643
2010-10-26 13:00:00,0.552866789212045
2010-10-26 14:00:00,0.5318243089829944
2010-10-26 15:00:00,0.5074762936583785
2010-10-26 16:00:00,0.48327063617172533
2010-10-26 17:00:00,0.45998744194032415
2010-10-26 18:00:00,0.4377704797729588
2010-10-26 19:00:00,0.4166132912769682
2010-10-26 20:00:00,0.3964754377037726
2010-10-26 21:00:00,0.3773102273937066
2010-10-26 22:00:00,0.35907126128168776
2010-10-26 23:00:00,0.3417139130336708
2010-10-27 00:00:00,0.32519560100002975
2010-10-27 01:00:00,0.30947577497673545
2010-10-27 02:00:00,0.29451583849399343
2010-10-27 03:00:00,0.2802790592771547
2010-10-27 04:00:00,0.26673048030591695
2010-10-27 05:00:00,0.25383683428013865
2010-10-27 06:00:00,0.2415664620066673
2010-10-27 07:00:00,0.2298892346801749
2010-10-27 08:00:00,0.2187764799086669
2010-10-27 09:00:00,0.20820091131195867
2010-10-27 10:00:00,0.19813656152263304
2010-10-27 11:00:00,0.18855871842553704
2010-10-27 12:00:00,0.1794438644793961
2010-10-27 13:00:00,0.1707696189715877
2010-10-27 14:00:00,0.1625146830642944
2010-10-27 15:00:00,0.1546587874971031
2010-10-27 16:00:00,0.1471826428176405
2010-10-27 17:00:00,0.14006789201803943
2010-10-27 18:00:00,0.13329706546093983
2010-10-27 19:00:00,0.12685353798434917
2010-10-27 20:00:00,0.12072148808003669
2010-10-27 21:00:00,0.11488585904522819
2010-10-27 22:00:00,0.10933232201221246
2010-10-27 23:00:00,0.10404724076508187
2010-10-28 00:00:00,0.0990176382572179
2010-10-28 01:00:00,0.09423116474730812
2010-10-28 02:00:00,0.08967606747565554
2010-10-28 03:00:00,0.08534116180632326
2010-10-28 04:00:00,0.0812158037642563
2010-10-28 05:00:00,0.07728986389994827
2010-10-28 06:00:00,0.07355370241747959
2010-10-28 07:00:00,0.06999814550485661
2010-10-28 08:00:00,0.06661446280853273
2010-10-28 09:00:00,0.06339434599680227
2010-10-28 10:00:00,0.06032988835943148
2010-10-28 11:00:00,0.057413565393435236
2010-10-28 12:00:00,0.05463821632732965
2010-10-30 01:00:00,0.2865212440514783
2010-10-30 02:00:00,0.27564908525618115
2010-10-30 03:00:00,0.26303712222181586
2010-10-30 04:00:00,0.25049261696676073
2010-10-30 05:00:00,0.23842473613031234
2010-10-30 06:00:00,0.2269091517803964
2010-10-30 07:00:00,0.21594279218942275
2010-10-30 08:00:00,0.20550476279825408
2010-10-30 09:00:00,0.19557087776191748
2010-10-30 10:00:00,0.18611709087591088
2010-10-30 11:00:00,0.1771202719169836
2010-10-30 12:00:00,0.16855834979280127
2010-10-30 13:00:00,0.1604103062036363
2010-10-30 14:00:00,0.15265613548766385
2010-10-30 15:00:00,0.1452767982402482
2010-10-30 16:00:00,0.13825417522051792
2010-10-30 17:00:00,0.1315710230182252
2010-10-30 18:00:00,0.12521093175167392
2010-10-30 19:00:00,0.11915828478371177
2010-10-30 20:00:00,0.11339822037862092
2010-10-30 21:00:00,0.10791659521096404
2010-10-30 22:00:00,0.10269994963803078
2010-10-30 23:00:00,0.09773547465091259
2010-10-31 00:00:00,0.09301098042312844
2010-10-31 01:00:00,0.0885148663795925
2010-10-31 02:00:00,0.08423609271243487
2010-10-31 03:00:00,0.0801641532737361
2010-10-31 04:00:00,0.07628904977861597
2010-10-31 05:00:00,0.07260126725533492
2010-10-31 06:00:00,0.06909175068212772
2010-10-31 07:00:00,0.06575188275340353
2010-10-31 08:00:00,0.06257346272071893
2010-10-31 09:00:00,0.05954868625656996
2010-10-31 10:00:00,0.056670126291560666
2010-10-31 11:00:00,0.053930714777895086
2010-10-31 12:00:00,0.051323725334415024
2010-10-31 13:00:00,0.048842756730569786
2010-10-31 14:00:00,0.04648171716876426
2010-10-31 15:00:00,0.04423480932649212
2010-10-31 16:00:00,0.04209651612152637
2010-10-31 17:00:00,0.04006158716521501
2010-10-31 18:00:00,0.03812502587061894
2010-10-31 19:00:00,0.03628207718383746
2010-10-31 20:00:00,0.03452821590839666
2010-10-31 21:00:00,0.03285913559403217
2010-10-31 22:00:00,0.03127073796258388
2010-10-31 23:00:00,0.029759122845038625
2010-11-01 00:00:00,0.028320578605012327
2010-11-02 13:00:00,0.010771171032555132
2010-11-02 14:00:00,0.01055076953173839
2010-11-02 15:00:00,0.010112617850439102
2010-11-02 16:00:00,0.009640979131427927
2010-11-02 17:00:00,0.009179055015039989
2010-11-02 18:00:00,0.00873632850148814
2010-11-02 19:00:00,0.008314253677804782
2010-11-02 20:00:00,0.007912402387926617
2010-11-02 21:00:00,0.007529933493235305
2010-11-02 22:00:00,0.007165942717003114
2010-11-02 23:00:00,0.006819544651390951
2010-11-03 00:00:00,0.0064898907426932575
2010-11-03 01:00:00,0.006176172032786552
2010-11-03 02:00:00,0.005877618327637018
2010-11-03 03:00:00,0.0055934965825593565
2010-11-03 04:00:00,0.00532310916844581
2010-11-03 05:00:00,0.00506579217463375
2010-11-03 06:00:00,0.004820913782521856
2010-11-03 07:00:00,0.004587872715102814
2010-11-03 08:00:00,0.004366096760798237
2010-11-03 09:00:00,0.0041550413684960175
2010-11-03 10:00:00,0.003954188310465981
2010-11-03 11:00:00,0.0037630444099007905
2010-11-03 12:00:00,0.0035811403299649052
2010-11-03 13:00:00,0.0034080294213799196
2010-11-03 14:00:00,0.003243286625717057
2010-11-03 15:00:00,0.003086507431704037
2010-11-03 16:00:00,0.0029373068819836534
2010-11-03 17:00:00,0.0027953186278852423
2010-11-03 18:00:00,0.00266019402988813
2010-11-03 19:00:00,0.00253160130156832
2010-11-03 20:00:00,0.0024092246949264564
2010-11-03 21:00:00,0.002292763725096717
2010-11-03 22:00:00,0.0021819324325329644
2010-11-03 23:00:00,0.002076458680860537
2010-11-04 00:00:00,0.001976083488669598
2010-11-04 01:00:00,0.0018805603936093334
2010-11-04 02:00:00,0.0017896548472215875
2010-11-04 03:00:00,0.0017031436390279975
2010-11-04 04:00:00,0.001620814348456531
2010-11-04 05:00:00,0.0015424648232616766
2010-11-04 06:00:00,0.0014679026831575979
2010-11-04 07:00:00,0.0013969448474454626
2010-11-04 08:00:00,0.001329417085475082
2010-11-04 09:00:00,0.0012651535888370564
2010-11-04 10:00:00,0.001203996564234983
2010-11-04 11:00:00,0.0011457958460380608
2010-11-04 12:00:00,0.001090408527562748
2010-11-06 01:00:00,0.2732116607822261
2010-11-06 02:00:00,0.2632139258213001
2010-11-06 03:00:00,0.25125837235370896
2010-11-06 04:00:00,0.23929648264682604
2010-11-06 05:00:00,0.227772986336459
2010-11-06 06:00:00,0.21677306155971016
2010-11-06 07:00:00,0.20629685803465736
2010-11-06 08:00:00,0.19632515272285855
2010-11-06 09:00:00,0.18683501680611023
2010-11-06 10:00:00,0.1778035204751394
2010-11-06 11:00:00,0.16920857682007473
2010-11-06 12:00:00,0.16102910305337267
2010-11-06 13:00:00,0.15324502031078072
2010-11-06 14:00:00,0.14583721669191546
2010-11-06 15:00:00,0.13878750328677722
2010-11-06 16:00:00,0.1320785702215418
2010-11-06 17:00:00,0.12569394432493175
2010-11-06 18:00:00,0.11961794872031377
2010-11-06 19:00:00,0.1138356643422174
2010-11-06 20:00:00,0.1083328933062179
2010-11-06 21:00:00,0.10309612404785001
2010-11-06 22:00:00,0.09811249814629691
2010-11-06 23:00:00,0.09336977875171408
2010-11-07 00:00:00,0.08885632053874128
2010-11-07 01:00:00,0.08456104111244439
2010-11-07 02:00:00,0.08047339379648145
2010-11-07 03:00:00,0.07658334173667768
2010-11-07 04:00:00,0.07288133325642335
2010-11-07 05:00:00,0.06935827840338207
2010-11-07 06:00:00,0.06600552662992179
2010-11-07 07:00:00,0.06281484555246501
2010-11-07 08:00:00,0.05977840073760365
2010-11-07 09:00:00,0.05688873646534502
2010-11-07 10:00:00,0.05413875742225505
2010-11-07 11:00:00,0.05152171127954759
2010-11-07 12:00:00,0.04903117211334204
2010-11-07 13:00:00,0.04666102462637922
2010-11-07 14:00:00,0.0444054491324532
2010-11-07 15:00:00,0.0422589072666898
2010-11-07 16:00:00,0.04021612838658457
2010-11-07 17:00:00,0.03827209663040919
2010-11-07 18:00:00,0.036422038601209454
2010-11-07 19:00:00,0.03466141164615387
2010-11-07 20:00:00,0.03298589270245396
2010-11-07 21:00:00,0.03139136768246831
2010-11-07 22:00:00,0.029873921371926557
2010-11-07 23:00:00,0.028429827816469223
2010-11-08 00:00:00,0.027055541172898354
2010-11-09 13:00:00,0.08677574995977934
2010-11-09 14:00:00,0.08148397750636582
2010-11-09 15:00:00,0.07728249822411343
2010-11-09 16:00:00,0.07348384689881837
2010-11-09 17:00:00,0.06991662500873713
2010-11-09 18:00:00,0.06653328283005805
2010-11-09 19:00:00,0.06331622855318644
2010-11-09 20:00:00,0.060255340846169
2010-11-09 21:00:00,0.05734257211623281
2010-11-09 22:00:00,0.05457064302278914
2010-11-09 23:00:00,0.05193271687311739
2010-11-10 00:00:00,0.04942230918212645
2010-11-10 01:00:00,0.04703325412181839
2010-11-10 02:00:00,0.04475968516238664
2010-11-10 03:00:00,0.0425960196576212
2010-11-10 04:00:00,0.04053694489551586
2010-11-10 05:00:00,0.03857740499552688
2010-11-10 06:00:00,0.03671258848046231
2010-11-10 07:00:00,0.034937916459014076
2010-11-10 08:00:00,0.03324903138190466
2010-11-10 09:00:00,0.0316417863421229
2010-11-10 10:00:00,0.03011223489251743
2010-11-10 11:00:00,0.02865662135563609
2010-11-10 12:00:00,0.027271371601991605
2010-11-10 13:00:00,0.025953084274104102
2010-11-10 14:00:00,0.02469852243477039
2010-11-10 15:00:00,0.023504605619052727
2010-11-10 16:00:00,0.02236840227047133
2010-11-10 17:00:00,0.021287122542828336
2010-11-10 18:00:00,0.020258111449988785
2010-11-10 19:00:00,0.019278842346798445
2010-11-10 20:00:00,0.018346910725131525
2010-11-10 21:00:00,0.017460028309834973
2010-11-10 22:00:00,0.016616017440072503
2010-11-10 23:00:00,0.01581280572227223
2010-11-11 00:00:00,0.015048420941548697
2010-11-11 01:00:00,0.014320986219104749
2010-11-11 02:00:00,0.013628715403722711
2010-11-11 03:00:00,0.012969908686029027
2010-11-11 04:00:00,0.012342948424763642
2010-11-11 05:00:00,0.011746295174805852
2010-11-11 06:00:00,0.01117848390720383
2010-11-11 07:00:00,0.010638120411926426
2010-11-11 08:00:00,0.010123877874504517
2010-11-11 09:00:00,0.009634493618156176
2010-11-11 10:00:00,0.009168766003396209
2010-11-11 11:00:00,0.008725551477517347
2010-11-11 12:00:00,0.008303761766698359
2010-11-13 01:00:00,4.6500866460984494e-89
2010-11-13 02:00:00,5.688187659831079e-89
2010-11-13 03:00:00,5.715486255782988e-89
2010-11-13 04:00:00,5.511546716271829e-89
2010-11-13 05:00:00,5.2624359952953135e-89
2010-11-13 06:00:00,5.012196218194033e-89
2010-11-13 07:00:00,4.7709005451630674e-89
2010-11-13 08:00:00,4.540514505638654e-89
2010-11-13 09:00:00,4.321084650505288e-89
2010-11-13 10:00:00,4.112218725822924e-89
2010-11-13 11:00:00,3.913438952491687e-89
2010-11-13 12:00:00,3.7242656388710075e-89
2010-11-13 13:00:00,3.5442362958726146e-89
2010-11-13 14:00:00,3.3729093583442144e-89
2010-11-13 15:00:00,3.2098642633338935e-89
2010-11-13 16:00:00,3.054700695669412e-89
2010-11-13 17:00:00,2.9070376716135105e-89
2010-11-13 18:00:00,2.7665126193310038e-89
2010-11-13 19:00:00,2.632780492440745e-89
2010-11-13 20:00:00,2.505512923698006e-89
2010-11-13 21:00:00,2.3843974189364687e-89
2010-11-13 22:00:00,2.2691365898189135e-89
2010-11-13 23:00:00,2.1594474236391482e-89
2010-11-14 00:00:00,2.0550605884124908e-89
2010-11-14 01:00:00,1.9557197715557698e-89
2010-11-14 02:00:00,1.8611810505347606e-89
2010-11-14 03:00:00,1.7712122939341528e-89
2010-11-14 04:00:00,1.685592591479531e-89
2010-11-14 05:00:00,1.6041117116118593e-89
2010-11-14 06:00:00,1.526569585282599e-89
2010-11-14 07:00:00,1.4527758147019672e-89
2010-11-14 08:00:00,1.3825492058341106e-89
2010-11-14 09:00:00,1.3157173234912759e-89
2010-11-14 10:00:00,1.2521160679345537e-89
2010-11-14 11:00:00,1.1915892719415755e-89
2010-11-14 12:00:00,1.133988317351798e-89
2010-11-14 13:00:00,1.0791717701478368e-89
2010-11-14 14:00:00,1.027005033176825e-89
2010-11-14 15:00:00,9.773600156590844e-90
2010-11-14 16:00:00,9.301148186726152e-90
2010-11-14 17:00:00,8.851534358411428e-90
2010-11-14 18:00:00,8.423654684907862e-90
2010-11-14 19:00:00,8.016458545759392e-90
2010-11-14 20:00:00,7.628946107087688e-90
2010-11-14 21:00:00,7.260165866589043e-90
2010-11-14 22:00:00,6.909212317205163e-90
2010-11-14 23:00:00,6.57522372373117e-90
2010-11-15 00:00:00,6.2573800069015025e-90
2010-11-16 13:00:00,-0.006800316120326832
2010-11-16 14:00:00,-0.009238073246600186
2010-11-16 15:00:00,-0.009453648239101746
2010-11-16 16:00:00,-0.009155141568732613
2010-11-16 17:00:00,-0.00875051657134441
2010-11-16 18:00:00,-0.00833659858427242
2010-11-16 19:00:00,-0.00793578359020804
2010-11-16 20:00:00,-0.007552691013832157
2010-11-16 21:00:00,-0.007187721389097377
2010-11-16 22:00:00,-0.006840299569355708
2010-11-16 23:00:00,-0.006509649321463603
2010-11-17 00:00:00,-0.006194977151988878
2010-11-17 01:00:00,-0.005895514812673696
2010-11-17 02:00:00,-0.005610528053807337
2010-11-17 03:00:00,-0.0053393173678949945
2010-11-17 04:00:00,-0.005081216881580781
2010-11-17 05:00:00,-0.004835592866535259
2010-11-17 06:00:00,-0.004601842218307447
2010-11-17 07:00:00,-0.0043793909838123245
2010-11-17 08:00:00,-0.004167692954040265
2010-11-17 09:00:00,-0.003966228323368147
2010-11-17 10:00:00,-0.003774502413337492
2010-11-17 11:00:00,-0.003592044458042961
2010-11-17 12:00:00,-0.0034184064482151353
2010-11-17 13:00:00,-0.003253162031175201
2010-11-17 14:00:00,-0.003095905463964268
2010-11-17 15:00:00,-0.002946250617077737
2010-11-17 16:00:00,-0.0028038300263586897
2010-11-17 17:00:00,-0.00266829399072236
2010-11-17 18:00:00,-0.002539309713496246
2010-11-17 19:00:00,-0.0024165604852675027
2010-11-17 20:00:00,-0.002299744906231164
2010-11-17 21:00:00,-0.0021885761461297487
2010-11-17 22:00:00,-0.0020827812399670897
2010-11-17 23:00:00,-0.001982100417767083
2010-11-18 00:00:00,-0.0018862864667316302
2010-11-18 01:00:00,-0.0017951041242316146
2010-11-18 02:00:00,-0.0017083295001404557
2010-11-18 03:00:00,-0.001625749527091829
2010-11-18 04:00:00,-0.001547161437311712
2010-11-18 05:00:00,-0.0014723722647401612
2010-11-18 06:00:00,-0.0014011983712203275
2010-11-18 07:00:00,-0.0013334649955913046
2010-11-18 08:00:00,-0.0012690058245776546
2010-11-18 09:00:00,-0.0012076625844219604
2010-11-18 10:00:00,-0.0011492846522577025
2010-11-18 11:00:00,-0.001093728686268215
2010-11-18 12:00:00,-0.0010408582737236132
2010-11-20 01:00:00,0.11629017720771492
2010-11-20 02:00:00,0.11208030218547681
2010-11-20 03:00:00,0.10700022926613642
2010-11-20 04:00:00,0.10190874141785425
2010-11-20 05:00:00,0.0970018666791957
2010-11-20 06:00:00,0.09231746692136289
2010-11-20 07:00:00,0.08785598572223276
2010-11-20 08:00:00,0.08360932744020619
2010-11-20 09:00:00,0.07956774909803102
2010-11-20 10:00:00,0.0757214907460478
2010-11-20 11:00:00,0.07206114744039589
2010-11-20 12:00:00,0.06857774091642405
2010-11-20 13:00:00,0.06526272022509885
2010-11-20 14:00:00,0.06210794616564019
2010-11-20 15:00:00,0.05910567259977006
2010-11-20 16:00:00,0.056248527742746315
2010-11-20 17:00:00,0.05352949613703406
2010-11-20 18:00:00,0.05094190144428905
2010-11-20 19:00:00,0.04847939005646698
2010-11-20 20:00:00,0.04613591549612501
2010-11-20 21:00:00,0.043905723570078756
2010-11-20 22:00:00,0.04178333824055156
2010-11-20 23:00:00,0.0397635481792651
2010-11-21 00:00:00,0.03784139397148994
2010-11-21 01:00:00,0.036012155938644895
2010-11-21 02:00:00,0.03427134254954652
2010-11-21 03:00:00,0.0326146793918541
2010-11-21 04:00:00,0.031038098676630564
2010-11-21 05:00:00,0.02953772925024881
2010-11-21 06:00:00,0.02810988708911852
2010-11-21 07:00:00,0.02675106625389412
2010-11-21 08:00:00,0.025457930280952733
2010-11-21 09:00:00,0.02422730399000474
2010-11-21 10:00:00,0.023056165687721147
2010-11-21 11:00:00,0.021941639748234567
2010-11-21 12:00:00,0.020880989552295837
2010-11-21 13:00:00,0.01987161076774902
2010-11-21 14:00:00,0.018911024954825578
2010-11-21 15:00:00,0.01799687348055612
2010-11-21 16:00:00,0.017126911727357058
2010-11-21 17:00:00,0.01629900358157191
2010-11-21 18:00:00,0.015511116188434338
2010-11-21 19:00:00,0.014761314960574192
2010-11-21 20:00:00,0.014047758827810413
2010-11-21 21:00:00,0.013368695716567052
2010-11-21 22:00:00,0.012722458247812558
2010-11-21 23:00:00,0.012107459642958951
2010-11-22 00:00:00,0.011522189827668235
2010-11-23 13:00:00,0.848196798400351
2010-11-23 14:00:00,0.8063482020748722
2010-11-23 15:00:00,0.7671669010150963
2010-11-23 16:00:00,0.7300338297980128
2010-11-23 17:00:00,0.694732668442293
2010-11-23 18:00:00,0.6611467858999011
2010-11-23 19:00:00,0.62918654615974
2010-11-23 20:00:00,0.5987717578752453
2010-11-23 21:00:00,0.5698273295695859
2010-11-23 22:00:00,0.5422820924836399
2010-11-23 23:00:00,0.5160683882138752
2010-11-24 00:00:00,0.4911218457118669
2010-11-24 01:00:00,0.4673812096151335
2010-11-24 02:00:00,0.44478818658215324
2010-11-24 03:00:00,0.4232873013784956
2010-11-24 04:00:00,0.4028257604756911
2010-11-24 05:00:00,0.3833533223767522
2010-11-24 06:00:00,0.3648221742419581
2010-11-24 07:00:00,0.3471868144861233
2010-11-24 08:00:00,0.3304039410528923
2010-11-24 09:00:00,0.31443234509024753
2010-11-24 10:00:00,0.29923280976580646
2010-11-24 11:00:00,0.2847680139733709
2010-11-24 12:00:00,0.2710024406942708
2010-11-24 13:00:00,0.2579022897884854
2010-11-24 14:00:00,0.24543539500140765
2010-11-24 15:00:00,0.23357114498246878
2010-11-24 16:00:00,0.22228040812169148
2010-11-24 17:00:00,0.21153546101961437
2010-11-24 18:00:00,0.20130992041495216
2010-11-24 19:00:00,0.19157867840284554
2010-11-24 20:00:00,0.18231784078463564
2010-11-24 21:00:00,0.17350466839778572
2010-11-24 22:00:00,0.1651175212818915
2010-11-24 23:00:00,0.15713580554368436
2010-11-25 00:00:00,0.1495399227905593
2010-11-25 01:00:00,0.1423112220084662
2010-11-25 02:00:00,0.13543195376600475
2010-11-25 03:00:00,0.12888522663227558
2010-11-25 04:00:00,0.12265496570147486
2010-11-25 05:00:00,0.11672587312239383
2010-11-25 06:00:00,0.11108339053590677
2010-11-25 07:00:00,0.10571366332821586
2010-11-25 08:00:00,0.10060350661208008
2010-11-25 09:00:00,0.09574037285249806
2010-11-25 10:00:00,0.09111232105735274
2010-11-25 11:00:00,0.08670798745736785
2010-11-25 12:00:00,0.08251655760338396
2010-11-27 01:00:00,0.9245253260496429
2010-11-27 02:00:00,0.8822227115317625
2010-11-27 03:00:00,0.8401481043378898
2010-11-27 04:00:00,0.7996725073194986
2010-11-27 05:00:00,0.7610494037623774
2010-11-27 06:00:00,0.7242684146677676
2010-11-27 07:00:00,0.6892594417392246
2010-11-27 08:00:00,0.6559413616875107
2010-11-27 09:00:00,0.6242335229075832
2010-11-27 10:00:00,0.5940583467773695
2010-11-27 11:00:00,0.5653418071725822
2010-11-27 12:00:00,0.5380134090629272
2010-11-27 13:00:00,0.5120060537991613
2010-11-27 14:00:00,0.4872558835446586
2010-11-27 15:00:00,0.4637021266768644
2010-11-27 16:00:00,0.4412869490942275
2010-11-27 17:00:00,0.41995531233566386
2010-11-27 18:00:00,0.3996548384686598
2010-11-27 19:00:00,0.3803356814871358
2010-11-27 20:00:00,0.361950404920742
2010-11-27 21:00:00,0.34445386535924033
2010-11-27 22:00:00,0.3278031016069776
2010-11-27 23:00:00,0.31195722919551694
2010-11-28 00:00:00,0.29687733999546984
2010-11-28 01:00:00,0.28252640668104884
2010-11-28 02:00:00,0.2688691918127649
2010-11-28 03:00:00,0.25587216131503093
2010-11-28 04:00:00,0.2435034021362239
2010-11-28 05:00:00,0.23173254388902687
2010-11-28 06:00:00,0.22053068427864597
2010-11-28 07:00:00,0.20987031813579798
2010-11-28 08:00:00,0.199725269880215
2010-11-28 09:00:00,0.19007062924883694
2010-11-28 10:00:00,0.1808826901308776
2010-11-28 11:00:00,0.1721388923595795
2010-11-28 12:00:00,0.16381776631773232
2010-11-28 13:00:00,0.15589888022093876
2010-11-28 14:00:00,0.14836278994918634
2010-11-28 15:00:00,0.14119099130354126
2010-11-28 16:00:00,0.13436587457073493
2010-11-28 17:00:00,0.12787068128408025
2010-11-28 18:00:00,0.12168946307454825
2010-11-28 19:00:00,0.11580704251096739
2010-11-28 20:00:00,0.11020897583319209
2010-11-28 21:00:00,0.10488151748673524
2010-11-28 22:00:00,0.09981158637178257
2010-11-28 23:00:00,0.09498673372371626
2010-11-29 00:00:00,0.09039511254628144
2010-11-30 13:00:00,0.7239127766455729
2010-11-30 14:00:00,0.6918081885165268
2010-11-30 15:00:00,0.65905793442796
2010-11-30 16:00:00,0.62736483571742
2010-11-30 17:00:00,0.5970778791565368
2010-11-30 18:00:00,0.5682248512053147
2010-11-30 19:00:00,0.5407593555848327
2010-11-30 20:00:00,0.5146198051103958
2010-11-30 21:00:00,0.4897434170562123
2010-11-30 22:00:00,0.4660694448935012
2010-11-30 23:00:00,0.4435398395253497
2010-12-01 00:00:00,0.422099300714625
2010-12-01 01:00:00,0.40169518772280716
2010-12-01 02:00:00,0.38227740116654463
2010-12-01 03:00:00,0.36379826266247334
2010-12-01 04:00:00,0.3462123983936993
2010-12-01 05:00:00,0.32947662785077425
2010-12-01 06:00:00,0.3135498578422601
2010-12-01 07:00:00,0.2983929816027825
2010-12-01 08:00:00,0.28396878277193727
2010-12-01 09:00:00,0.2702418440133301
2010-12-01 10:00:00,0.25717846005057865
2010-12-01 11:00:00,0.2447465549070349
2010-12-01 12:00:00,0.23291560314608634
2010-12-01 13:00:00,0.22165655491866476
2010-12-01 14:00:00,0.21094176463392766
2010-12-01 15:00:00,0.20074492307797065
2010-12-01 16:00:00,0.19104099281389428
2010-12-01 17:00:00,0.18180614670460615
2010-12-01 18:00:00,0.17301770940740638
2010-12-01 19:00:00,0.16465410169670183
2010-12-01 20:00:00,0.1566947874781383
2010-12-01 21:00:00,0.14912022336404845
2010-12-01 22:00:00,0.1419118106864029
2010-12-01 23:00:00,0.13505184982943624
2010-12-02 00:00:00,0.12852349676981567
2010-12-02 01:00:00,0.12231072171764101
2010-12-02 02:00:00,0.11639826975672221
2010-12-02 03:00:00,0.11077162338749041
2010-12-02 04:00:00,0.10541696688056978
2010-12-02 05:00:00,0.10032115235348371
2010-12-02 06:00:00,0.0954716674871996
2010-12-02 07:00:00,0.09085660480324304
2010-12-02 08:00:00,0.08646463242594424
2010-12-02 09:00:00,0.08228496625802591
2010-12-02 10:00:00,0.07830734350121216
2010-12-02 11:00:00,0.07452199745684077
2010-12-02 12:00:00,0.07091963354460384
2010-12-04 01:00:00,0.12680067462723732
2010-12-04 02:00:00,0.12345947770425368
2010-12-04 03:00:00,0.11815885662494906
2010-12-04 04:00:00,0.1126068328625411
2010-12-04 05:00:00,0.10720169309838766
2010-12-04 06:00:00,0.10202875572888961
2010-12-04 07:00:00,0.09709891601263021
2010-12-04 08:00:00,0.09240571694585921
2010-12-04 09:00:00,0.08793898655593071
2010-12-04 10:00:00,0.08368808071906877
2010-12-04 11:00:00,0.07964263915041062
2010-12-04 12:00:00,0.07579274716207067
2010-12-04 13:00:00,0.07212895612287544
2010-12-04 14:00:00,0.06864227098173126
2010-12-04 15:00:00,0.065324130747712
2010-12-04 16:00:00,0.062166388083615645
2010-12-04 17:00:00,0.05916128944793363
2010-12-04 18:00:00,0.05630145609191052
2010-12-04 19:00:00,0.05357986595010596
2010-12-04 20:00:00,0.05098983640035379
2010-12-04 21:00:00,0.04852500785566067
2010-12-04 22:00:00,0.04617932814892167
2010-12-04 23:00:00,0.04394703767239026
2010-12-05 00:00:00,0.041822655235480705
2010-12-05 01:00:00,0.03980096460619401
2010-12-05 02:00:00,0.0378770017031249
2010-12-05 03:00:00,0.036046042406601794
2010-12-05 04:00:00,0.03430359095903147
2010-12-05 05:00:00,0.03264536892596641
2010-12-05 06:00:00,0.031067304690789804
2010-12-05 07:00:00,0.029565523457223353
2010-12-05 08:00:00,0.02813633773510985
2010-12-05 09:00:00,0.026776238286109297
2010-12-05 10:00:00,0.0254818855070765
2010-12-05 11:00:00,0.024250101229962774
2010-12-05 12:00:00,0.02307786091810716
2010-12-05 13:00:00,0.02196228623975585
2010-12-05 14:00:00,0.02090063800057474
2010-12-05 15:00:00,0.01989030941780154
2010-12-05 16:00:00,0.018928819719522698
2010-12-05 17:00:00,0.01801380805335878
2010-12-05 18:00:00,0.017143027689601558
2010-12-05 19:00:00,0.016314340504569185
2010-12-05 20:00:00,0.015525711730633787
2010-12-05 21:00:00,0.014775204960030652
2010-12-05 22:00:00,0.014060977390181306
2010-12-05 23:00:00,0.013381275298855803
2010-12-06 00:00:00,0.012734429738063865
2010-12-07 13:00:00,0.6847989474275806
2010-12-07 14:00:00,0.6509178066747114
2010-12-07 15:00:00,0.6192664326375409
2010-12-07 16:00:00,0.5892867567544035
2010-12-07 17:00:00,0.5607901975400723
2010-12-07 18:00:00,0.5336792671165779
2010-12-07 19:00:00,0.5078808109612103
2010-12-07 20:00:00,0.4833299069327838
2010-12-07 21:00:00,0.45996589518740905
2010-12-07 22:00:00,0.4377313171731362
2010-12-07 23:00:00,0.41657155624971326
2010-12-08 00:00:00,0.39643465133455635
2010-12-08 01:00:00,0.3772711568117738
2010-12-08 02:00:00,0.35903401812982627
2010-12-08 03:00:00,0.3416784555469003
2010-12-08 04:00:00,0.3251618540067811
2010-12-08 05:00:00,0.30944365846033767
2010-12-08 06:00:00,0.29448527427638704
2010-12-08 07:00:00,0.2802499724736617
2010-12-08 08:00:00,0.26670279953550224
2010-12-08 09:00:00,0.2538104915844739
2010-12-08 10:00:00,0.24154139270584316
2010-12-08 11:00:00,0.22986537721928954
2010-12-08 12:00:00,0.2187537757079765
2010-12-08 13:00:00,0.20817930462334983
2010-12-08 14:00:00,0.19811599929281223
2010-12-08 15:00:00,0.1885391501657808
2010-12-08 16:00:00,0.17942524214158462
2010-12-08 17:00:00,0.170751896830228
2010-12-08 18:00:00,0.1624978176042457
2010-12-08 19:00:00,0.15464273730672934
2010-12-08 20:00:00,0.14716736848712775
2010-12-08 21:00:00,0.14005335604262856
2010-12-08 22:00:00,0.13328323214883694
2010-12-08 23:00:00,0.12684037336908757
2010-12-09 00:00:00,0.12070895983707529
2010-12-09 01:00:00,0.11487393641258144
2010-12-09 02:00:00,0.10932097571491703
2010-12-09 03:00:00,0.10403644294331461
2010-12-09 04:00:00,0.09900736239788849
2010-12-09 05:00:00,0.09422138561895853
2010-12-09 06:00:00,0.08966676106650648
2010-12-09 07:00:00,0.08533230526531534
2010-12-09 08:00:00,0.08120737534494134
2010-12-09 09:00:00,0.07728184290709278
2010-12-09 10:00:00,0.0735460691562495
2010-12-09 11:00:00,0.06999088123245836
2010-12-09 12:00:00,0.06660754968819198
2010-12-11 01:00:00,0.9233535569871443
2010-12-11 02:00:00,0.8819659991627283
2010-12-11 03:00:00,0.8401092572358466
2010-12-11 04:00:00,0.799684712632051
2010-12-11 05:00:00,0.7610727886933429
2010-12-11 06:00:00,0.7242934861637111
2010-12-11 07:00:00,0.6892839755159956
2010-12-11 08:00:00,0.6559648708831587
2010-12-11 09:00:00,0.6242559343013527
2010-12-11 10:00:00,0.5940796840574726
2010-12-11 11:00:00,0.5653621152295489
2010-12-11 12:00:00,0.5380327359660046
2010-12-11 13:00:00,0.5120244465741273
2010-12-11 14:00:00,0.48727338725048597
2010-12-11 15:00:00,0.46371878426772883
2010-12-11 16:00:00,0.4413028014654691
2010-12-11 17:00:00,0.4199703984099591
2010-12-11 18:00:00,0.39966919528818384
2010-12-11 19:00:00,0.3803493443037005
2010-12-11 20:00:00,0.36196340728215803
2010-12-11 21:00:00,0.3444662391916443
2010-12-11 22:00:00,0.3278148772932126
2010-12-11 23:00:00,0.3119684356497322
2010-12-12 00:00:00,0.2968880047341162
2010-12-12 01:00:00,0.28253655589044285
2010-12-12 02:00:00,0.2688788504133869
2010-12-12 03:00:00,0.25588135302271514
2010-12-12 04:00:00,0.24351214952039044
2010-12-12 05:00:00,0.23174086842809904
2010-12-12 06:00:00,0.2205386064127886
2010-12-12 07:00:00,0.20987785731710634
2010-12-12 08:00:00,0.19973244462047776
2010-12-12 09:00:00,0.19007745716499025
2010-12-12 10:00:00,0.18088918798826187
2010-12-12 11:00:00,0.1721450761131052
2010-12-12 12:00:00,0.1638236511510559
2010-12-12 13:00:00,0.15590448058374468
2010-12-12 14:00:00,0.148368119592667
2010-12-12 15:00:00,0.1411960633141619
2010-12-12 16:00:00,0.1343707014023662
2010-12-12 17:00:00,0.12787527478857763
2010-12-12 18:00:00,0.12169383453085321
2010-12-12 19:00:00,0.11581120265280179
2010-12-12 20:00:00,0.11021293487541395
2010-12-12 21:00:00,0.10488528515042038
2010-12-12 22:00:00,0.09981517190809383
2010-12-12 23:00:00,0.09499014593661893
2010-12-13 00:00:00,0.09039835981416061
2010-12-14 13:00:00,0.4362526632822624
2010-12-14 14:00:00,0.41480270531525504
2010-12-14 15:00:00,0.39466474144312336
2010-12-14 16:00:00,0.3755660849997761
2010-12-14 17:00:00,0.3574064099347415
2010-12-14 18:00:00,0.34012833841229967
2010-12-14 19:00:00,0.32368638485063295
2010-12-14 20:00:00,0.30803944490954366
2010-12-14 21:00:00,0.29314892358067624
2010-12-14 22:00:00,0.2789782165476967
2010-12-14 23:00:00,0.26549251885629477
2010-12-15 00:00:00,0.2526587151719789
2010-12-15 01:00:00,0.24044529265664089
2010-12-15 02:00:00,0.22882226220059768
2010-12-15 03:00:00,0.21776108445407766
2010-12-15 04:00:00,0.20723459967170416
2010-12-15 05:00:00,0.19721696100508593
2010-12-15 06:00:00,0.18768357103361694
2010-12-15 07:00:00,0.17861102136660661
2010-12-15 08:00:00,0.16997703516579848
2010-12-15 09:00:00,0.16176041244651393
2010-12-15 10:00:00,0.15394097802296167
2010-12-15 11:00:00,0.1464995319698611
2010-12-15 12:00:00,0.13941780247873373
2010-12-15 13:00:00,0.13267840099310346
2010-12-15 14:00:00,0.12626477951244383
2010-12-15 15:00:00,0.12016118996003539
2010-12-15 16:00:00,0.11435264551496506
2010-12-15 17:00:00,0.10882488381332112
2010-12-15 18:00:00,0.10356433192822803
2010-12-15 19:00:00,0.09855807304273262
2010-12-15 20:00:00,0.09379381473370953
2010-12-15 21:00:00,0.08925985878891035
2010-12-15 22:00:00,0.08494507248304466
2010-12-15 23:00:00,0.0808388612423638
2010-12-16 00:00:00,0.07693114263062806
2010-12-16 01:00:00,0.07321232159258184
2010-12-16 02:00:00,0.06967326689414943
2010-12-16 03:00:00,0.06630528870150242
2010-12-16 04:00:00,0.06310011724394621
2010-12-16 05:00:00,0.060049882508234016
2010-12-16 06:00:00,0.057147094914449886
2010-12-16 07:00:00,0.05438462692601173
2010-12-16 08:00:00,0.051755695548639624
2010-12-16 09:00:00,0.04925384567531707
2010-12-16 10:00:00,0.046872934236350236
2010-12-16 11:00:00,0.04460711511560708
2010-12-16 12:00:00,0.04245082479589946
2010-12-18 01:00:00,0.04764016137754928
2010-12-18 02:00:00,0.04762866990731595
2010-12-18 03:00:00,0.045874754453839144
2010-12-18 04:00:00,0.04378845152924314
2010-12-18 05:00:00,0.04170315242609057
2010-12-18 06:00:00,0.03969475805642602
2010-12-18 07:00:00,0.03777772889032584
2010-12-18 08:00:00,0.0359519991620973
2010-12-18 09:00:00,0.03421419682741413
2010-12-18 10:00:00,0.032560320747585275
2010-12-18 11:00:00,0.030986373613847585
2010-12-18 12:00:00,0.029488505970150798
2010-12-18 13:00:00,0.028063043581264706
2010-12-18 14:00:00,0.026706487223679225
2010-12-18 15:00:00,0.025415506202826087
2010-12-18 16:00:00,0.024186930679691156
2010-12-18 17:00:00,0.023017744008386264
2010-12-18 18:00:00,0.021905075357963454
2010-12-18 19:00:00,0.020846192670266862
2010-12-18 20:00:00,0.019838495953263747
2010-12-18 21:00:00,0.018879510897391982
2010-12-18 22:00:00,0.017966882800208035
2010-12-18 23:00:00,0.017098370784647415
2010-12-19 00:00:00,0.01627184229675592
2010-12-19 01:00:00,0.015485267869394507
2010-12-19 02:00:00,0.014736716139063667
2010-12-19 03:00:00,0.01402434910361232
2010-12-19 04:00:00,0.013346417609187141
2010-12-19 05:00:00,0.012701257055340958
2010-12-19 06:00:00,0.012087283307754501
2010-12-19 07:00:00,0.01150298880853558
2010-12-19 08:00:00,0.010946938874544848
2010-12-19 09:00:00,0.010417768174659052
2010-12-19 10:00:00,0.009914177377321974
2010-12-19 11:00:00,0.009434929960151436
2010-12-19 12:00:00,0.008978849173768642
2010-12-19 13:00:00,0.008544815152394818
2010-12-19 14:00:00,0.008131762164120458
2010-12-19 15:00:00,0.007738675994095473
2010-12-19 16:00:00,0.007364591454214897
2010-12-19 17:00:00,0.007008590013185394
2010-12-19 18:00:00,0.006669797541153426
2010-12-19 19:00:00,0.006347382163357186
2010-12-19 20:00:00,0.006040552217532171
2010-12-19 21:00:00,0.005748554310054946
2010-12-19 22:00:00,0.00547067146605215
2010-12-19 23:00:00,0.005206221368932517
2010-12-20 00:00:00,0.004954554685019207
2010-12-21 13:00:00,0.08820819263531053
2010-12-21 14:00:00,0.08091228388836133
2010-12-21 15:00:00,0.07627533581778294
2010-12-21 16:00:00,0.07241452927300687
2010-12-21 17:00:00,0.06887246867361936
2010-12-21 18:00:00,0.06553325102807561
2010-12-21 19:00:00,0.062363018163822476
2010-12-21 20:00:00,0.0593478445327944
2010-12-21 21:00:00,0.056478856757798644
2010-12-21 22:00:00,0.05374865848666799
2010-12-21 23:00:00,0.0511504617575266
2010-12-22 00:00:00,0.048677866776095285
2010-12-22 01:00:00,0.04632479748186201
2010-12-22 02:00:00,0.04408547496810476
2010-12-22 03:00:00,0.04195440050137377
2010-12-22 04:00:00,0.03992634135185041
2010-12-22 05:00:00,0.037996317784965504
2010-12-22 06:00:00,0.03615959079583828
2010-12-22 07:00:00,0.03441165046391288
2010-12-22 08:00:00,0.03274820487705774
2010-12-22 09:00:00,0.031165169592632685
2010-12-22 10:00:00,0.029658657608377974
2010-12-22 11:00:00,0.02822496981819616
2010-12-22 12:00:00,0.02686058592931909
2010-12-22 13:00:00,0.02556215581854061
2010-12-22 14:00:00,0.024326491306286783
2010-12-22 15:00:00,0.0231505583283246
2010-12-22 16:00:00,0.02203146948588728
2010-12-22 17:00:00,0.020966476955923578
2010-12-22 18:00:00,0.01995296574406283
2010-12-22 19:00:00,0.018988447263729027
2010-12-22 20:00:00,0.018070553225637963
2010-12-22 21:00:00,0.017197029822673685
2010-12-22 22:00:00,0.016365732195865706
2010-12-22 23:00:00,0.015574619167878709
2010-12-23 00:00:00,0.01482174823108326
2010-12-23 01:00:00,0.014105270777901219
2010-12-23 02:00:00,0.013423427561714356
2010-12-23 03:00:00,0.012774544377190862
2010-12-23 04:00:00,0.012157027949423168
2010-12-23 05:00:00,0.011569362021783198
2010-12-23 06:00:00,0.01101010363288919
2010-12-23 07:00:00,0.010477879573542431
2010-12-23 08:00:00,0.0099713830149343
2010-12-23 09:00:00,0.00948937029984444
2010-12-23 10:00:00,0.00903065788895113
2010-12-23 11:00:00,0.008594119454755833
2010-12-23 12:00:00,0.008178683115986254
2010-12-25 01:00:00,0.03602369439686098
2010-12-25 02:00:00,0.03379341086739187
2010-12-25 03:00:00,0.03204283267102819
2010-12-25 04:00:00,0.030465887270238
2010-12-25 05:00:00,0.028986474892967504
2010-12-25 06:00:00,0.02758367572771872
2010-12-25 07:00:00,0.026249907733603747
2010-12-25 08:00:00,0.02498090565560069
2010-12-25 09:00:00,0.023773316548508217
2010-12-25 10:00:00,0.02262411855467461
2010-12-25 11:00:00,0.021530476342723974
2010-12-25 12:00:00,0.02048970132173751
2010-12-25 13:00:00,0.019499237183462546
2010-12-25 14:00:00,0.01855665174519478
2010-12-25 15:00:00,0.017659630527725
2010-12-25 16:00:00,0.016805970964625962
2010-12-25 17:00:00,0.01599357696826554
2010-12-25 18:00:00,0.015220453776879585
2010-12-25 19:00:00,0.014484703055135082
2010-12-25 20:00:00,0.013784518232583216
2010-12-25 21:00:00,0.013118180067701815
2010-12-25 22:00:00,0.012484052426430563
2010-12-25 23:00:00,0.011880578264784586
2010-12-26 00:00:00,0.011306275805670367
2010-12-26 01:00:00,0.010759734900513698
2010-12-26 02:00:00,0.0102396135667653
2010-12-26 03:00:00,0.009744634692782085
2010-12-26 04:00:00,0.009273582901993193
2010-12-26 05:00:00,0.00882530156865098
2010-12-26 06:00:00,0.008398689977839442
2010-12-26 07:00:00,0.007992700622766708
2010-12-26 08:00:00,0.007606336632705337
2010-12-26 09:00:00,0.007238649325264973
2010-12-26 10:00:00,0.006888735876987172
2010-12-26 11:00:00,0.006555737106542749
2010-12-26 12:00:00,0.0062388353650884975
2010-12-26 13:00:00,0.005937252528603225
2010-12-26 14:00:00,0.005650248087273474
2010-12-26 15:00:00,0.005377117327237582
2010-12-26 16:00:00,0.005117189600223517
2010-12-26 17:00:00,0.004869826676831732
2010-12-26 18:00:00,0.004634421179419679
2010-12-26 19:00:00,0.004410395090740068
2010-12-26 20:00:00,0.004197198334670958
2010-12-26 21:00:00,0.003994307425552799
2010-12-26 22:00:00,0.0038012241828159848
2010-12-26 23:00:00,0.0036174745077428077
2010-12-27 00:00:00,0.003442607219360248
2010-12-28 13:00:00,0.20540694090019362
2010-12-28 14:00:00,0.202046783051325
2010-12-28 15:00:00,0.19385220147378363
2010-12-28 16:00:00,0.18485777788579225
2010-12-28 17:00:00,0.17601189460143707
2010-12-28 18:00:00,0.16752510652199254
2010-12-28 19:00:00,0.15943216868166782
2010-12-28 20:00:00,0.15172651556331973
2010-12-28 21:00:00,0.144392411321164
2010-12-28 22:00:00,0.13741260995258447
2010-12-28 23:00:00,0.13077015561325914
2010-12-29 00:00:00,0.12444878201281948
2010-12-29 01:00:00,0.1184329780319622
2010-12-29 02:00:00,0.11270797490080198
2010-12-29 03:00:00,0.10725971598237502
2010-12-29 04:00:00,0.10207482370510604
2010-12-29 05:00:00,0.09714056706177095
2010-12-29 06:00:00,0.0924448304325502
2010-12-29 07:00:00,0.08797608385604626
2010-12-29 08:00:00,0.08372335472323897
2010-12-29 09:00:00,0.07967620083635743
2010-12-29 10:00:00,0.07582468476926492
2010-12-29 11:00:00,0.07215934946705849
2010-12-29 12:00:00,0.06867119502512797
2010-12-29 13:00:00,0.06535165659069496
2010-12-29 14:00:00,0.06219258333257996
2010-12-29 15:00:00,0.05918621842756212
2010-12-29 16:00:00,0.056325180014190256
2010-12-29 17:00:00,0.05360244306727899
2010-12-29 18:00:00,0.05101132214858473
2010-12-29 19:00:00,0.04854545499130706
2010-12-29 20:00:00,0.04619878687810885
2010-12-29 21:00:00,0.04396555577429673
2010-12-29 22:00:00,0.04184027817965775
2010-12-29 23:00:00,0.03981773566421263
2010-12-30 00:00:00,0.0378929620548254
2010-12-30 01:00:00,0.03606123124120728
2010-12-30 02:00:00,0.03431804557137348
2010-12-30 03:00:00,0.032659124808059055
2010-12-30 04:00:00,0.031080395618977262
2010-12-30 05:00:00,0.029577981575114664
2010-12-30 06:00:00,0.02814819363250469
2010-12-30 07:00:00,0.026787521074108523
2010-12-30 08:00:00,0.025492622889561854
2010-12-30 09:00:00,0.024260319571621294
2010-12-30 10:00:00,0.02308758530916734
2010-12-30 11:00:00,0.021971540557594444
2010-12-30 12:00:00,0.020909444968345542
